Nicrophorus tomentosus,COMMON NAME
Halyomorpha halys,brown marmorated stink bug
Nannothemis bella,COMMON NAME
Acalymma vittatum,striped cucumber beetle
Aenetus virescens,COMMON NAME
Polygrammate hebraeicum,COMMON NAME
Syritta pipiens,COMMON NAME
Syntomoides imaon,COMMON NAME
Taeniopoda eques,COMMON NAME
Libellula quadrimaculata,COMMON NAME
Phalaenophana pyramusalis,COMMON NAME
Cordulegaster diastatops,COMMON NAME
Ladona julia,COMMON NAME
Papilio canadensis,COMMON NAME
Monochamus scutellatus,COMMON NAME
Cordulia shurtleffii,COMMON NAME
Phyciodes pulchella,COMMON NAME
Nehalennia irene,COMMON NAME
Siproeta stelenes biplagiata,COMMON NAME
Bombus terrestris,COMMON NAME
Hyles lineata,whitelined sphinx
Epilachna mexicana,COMMON NAME
Hemileuca eglanterina,elegant sheep moth
Ceratomia undulosa,COMMON NAME
Bittacomorpha clavipes,COMMON NAME
Xanthorhoe lacustrata,COMMON NAME
Callophrys niphon,COMMON NAME
Zopherus nodulosus haldemani,COMMON NAME
Hermetia illucens,black soldier fly
Nadata gibbosa,COMMON NAME
Heterocampa biundata,COMMON NAME
Lophocampa caryae,COMMON NAME
Miomantis caffra,COMMON NAME
Pyrausta insequalis,COMMON NAME
Cotinis mutabilis,COMMON NAME
Dolichovespula maculata,baldfaced hornet
Xylocopa varipuncta,COMMON NAME
Bombus vosnesenskii,COMMON NAME
Bombus sonorus,COMMON NAME
Phlogophora meticulosa,COMMON NAME
Automeris io,io moth
Clostera albosigma,COMMON NAME
Ecliptopera silaceata,COMMON NAME
Dyspteris abortivaria,COMMON NAME
Caripeta divisata,COMMON NAME
Cicindela sexguttata,COMMON NAME
Cerma cerintha,COMMON NAME
Idaea dimidiata,COMMON NAME
Iridopsis larvaria,COMMON NAME
Leuconycta diphteroides,COMMON NAME
Metanema inatomaria,COMMON NAME
Raphia frater,COMMON NAME
Hemaris thysbe,COMMON NAME
Hypercompe scribonia,COMMON NAME
Vanessa kershawi,COMMON NAME
Panoquina ocola,COMMON NAME
Cicindela punctulata,COMMON NAME
Cicindela repanda,COMMON NAME
Paonias myops,COMMON NAME
Chrysodeixis includens,soybean looper
Chytolita morbidalis,COMMON NAME
Apantesis phalerata,COMMON NAME
Propylea quatuordecimpunctata,COMMON NAME
Paonias excaecata,COMMON NAME
Diastictis fracturalis,COMMON NAME
Argynnis paphia,COMMON NAME
Pyrgus oileus,COMMON NAME
Anartia jatrophae,COMMON NAME
Heliconius charithonia,COMMON NAME
Euptoieta hegesia meridiania,COMMON NAME
Vanessa gonerilla,COMMON NAME
Aeshna canadensis,COMMON NAME
Cupido comyntas,COMMON NAME
Mydas clavatus,COMMON NAME
Battus philenor hirsuta,COMMON NAME
Labidomera clivicollis,COMMON NAME
Pseudothyatira cymatophoroides,COMMON NAME
Anisota virginiensis,pinkstriped oakworm
Calledapteryx dryopterata,COMMON NAME
Sympetrum costiferum,COMMON NAME
Antaeotricha schlaegeri,COMMON NAME
Xanthorhoe ferrugata,COMMON NAME
Euphyia intermediata,COMMON NAME
Echinargus isola,COMMON NAME
Typocerus velutinus,COMMON NAME
Pieris brassicae,COMMON NAME
Anticarsia gemmatalis,COMMON NAME
Battus philenor,pipevine swallowtail
Microstylum morosum,COMMON NAME
Arctia villica,COMMON NAME
Oryctes nasicornis,COMMON NAME
Celastrina neglecta,COMMON NAME
Orthodera novaezealandiae,COMMON NAME
Cosmopepla lintneriana,COMMON NAME
Euborellia annulipes,ringlegged earwig
Erynnis horatius,COMMON NAME
Dryas iulia,COMMON NAME
Diphthera festiva,COMMON NAME
Biston betularia,COMMON NAME
Tramea carolina,COMMON NAME
Ladona deplanata,COMMON NAME
Plectrodera scalator,cottonwood borer
Didymops transversa,COMMON NAME
Celithemis eponina,COMMON NAME
Adalia bipunctata,twospotted lady beetle
Apoda y-inversum,COMMON NAME
Enallagma vesperum,COMMON NAME
Diplacodes trivialis,COMMON NAME
Charaxes jasius,COMMON NAME
Dorcus parallelipipedus,COMMON NAME
Urbanus procne,COMMON NAME
Melanis pixe,COMMON NAME
Leptophobia aripa elodia,COMMON NAME
Heliopetes laviana,COMMON NAME
Aedes albopictus,Asian tiger mosquito
Iridopsis defectaria,COMMON NAME
Myscelia ethusa,COMMON NAME
Thorybes pylades,COMMON NAME
Erynnis icelus,COMMON NAME
Erynnis juvenalis,COMMON NAME
Erynnis baptisiae,COMMON NAME
Ancyloxypha numitor,COMMON NAME
Deloyala guttata,mottled tortoise beetle
Thymelicus lineola,COMMON NAME
Agrius convolvuli,COMMON NAME
Lethe appalachia,COMMON NAME
Sympetrum madidum,COMMON NAME
Anatrytone logan,COMMON NAME
Eurytides marcellus,COMMON NAME
Poanes viator,COMMON NAME
Epimecis hortaria,COMMON NAME
Camponotus pennsylvanicus,black carpenter ant
Pompeius verna,COMMON NAME
Coccinella undecimpunctata,COMMON NAME
Papilio polyxenes,COMMON NAME
Papilio troilus,COMMON NAME
Colias philodice,COMMON NAME
Hylephila phyleus,fiery skipper
Erythrodiplax umbrata,COMMON NAME
Satyrium liparops,COMMON NAME
Callophrys augustinus,COMMON NAME
Ischnura elegans,COMMON NAME
Platynota idaeusalis,tufted apple bud moth
Celastrina ladon,COMMON NAME
Libytheana carinenta,COMMON NAME
Speyeria aphrodite,COMMON NAME
Boloria bellona,COMMON NAME
Dorocordulia libera,COMMON NAME
Polygonia progne,COMMON NAME
Nymphalis vaualbum,COMMON NAME
Limenitis archippus,viceroy
Asterocampa clyton,COMMON NAME
Anartia jatrophae luteipicta,COMMON NAME
Chlosyne janais,COMMON NAME
Megisto cymela,COMMON NAME
Cercyonis pegala,COMMON NAME
Anthanassa texana,COMMON NAME
Hamadryas februa,COMMON NAME
Phlogophora periculosa,COMMON NAME
Plodia interpunctella,Indian meal moth
Dromogomphus spinosus,COMMON NAME
Dromogomphus spoliatus,COMMON NAME
Sympetrum pallipes,COMMON NAME
Enallagma aspersum,COMMON NAME
Dythemis fugax,COMMON NAME
Dythemis nigrescens,COMMON NAME
Dythemis velox,COMMON NAME
Chioides albofasciatus,COMMON NAME
Anaea aidea,COMMON NAME
Enallagma civile,COMMON NAME
Conchylodes ovulalis,COMMON NAME
Bleptina caradrinalis,COMMON NAME
Anteos clorinde,COMMON NAME
Nomophila nearctica,COMMON NAME
Oncopeltus sexmaculatus,COMMON NAME
Euphoria kernii,COMMON NAME
Eantis tamenund,COMMON NAME
Orthemis discolor,COMMON NAME
Cydia latiferreana,filbertworm
Enallagma geminatum,COMMON NAME
Pangrapta decoralis,COMMON NAME
Orthetrum sabina,COMMON NAME
Polygonia c-album,COMMON NAME
Strymon istapa,COMMON NAME
Homophoberia apicosa,COMMON NAME
Lambdina fiscellaria,COMMON NAME
Cycloneda sanguinea,COMMON NAME
Chlorochlamys chloroleucaria,COMMON NAME
Anartia fatima fatima,COMMON NAME
Naupactus cervinus,COMMON NAME
Pseudosphinx tetrio,COMMON NAME
Enallagma basidens,COMMON NAME
Enallagma carunculatum,COMMON NAME
Campaea perlata,COMMON NAME
Enallagma cyathigerum,COMMON NAME
Enallagma exsulans,COMMON NAME
Leptoglossus zonatus,COMMON NAME
Trichodes ornatus,COMMON NAME
Enallagma signatum,COMMON NAME
Vanessa annabella,COMMON NAME
Scathophaga stercoraria,COMMON NAME
Calopteron reticulatum,COMMON NAME
Scoliopteryx libatrix,COMMON NAME
Urola nivalis,COMMON NAME
Chinavia hilaris,green stink bug
Clepsis peritana,COMMON NAME
Limenitis lorquini,COMMON NAME
Epiaeschna heros,COMMON NAME
Euphydryas chalcedona,COMMON NAME
Dione moneta,COMMON NAME
Phaulacridium marginale,COMMON NAME
Hyalophora euryalus,ceanothus silk moth
Pontia protodice,southern cabbageworm
Strymon melinus,COMMON NAME
Anthocharis sara,COMMON NAME
Lycaena helloides,COMMON NAME
Atlides halesus,COMMON NAME
Eurema daira,COMMON NAME
Satyrium sylvinus,COMMON NAME
Schistocerca obscura,COMMON NAME
Satyrium saepium,COMMON NAME
Microtia elva,COMMON NAME
Paltothemis lineatipes,COMMON NAME
Leptotes marina,COMMON NAME
Catocala ultronia,COMMON NAME
Orthosoma brunneum,COMMON NAME
Plebejus icarioides,COMMON NAME
Phyciodes mylitta,COMMON NAME
Euphydryas editha,COMMON NAME
Coenonympha tullia,COMMON NAME
Erynnis propertius,COMMON NAME
Erynnis funeralis,COMMON NAME
Erynnis tristis,COMMON NAME
Heliopetes ericetorum,COMMON NAME
Ochlodes sylvanoides,COMMON NAME
Lerodea eufala,rice leaffolder
Periplaneta americana,American cockroach
Megacyllene robiniae,locust borer
Dynastes tityus,eastern Hercules beetle
Urbanus proteus,bean leafroller
Utetheisa ornatrix,bella moth
Epitheca canis,COMMON NAME
Epitheca princeps,COMMON NAME
Ammophila procera,COMMON NAME
Tetracis crocallata,COMMON NAME
Papilio zelicaon,COMMON NAME
Anagrapha falcifera,celery looper
Xylocopa virginica,carpenter bee
Heraclides rumiko,COMMON NAME
Callophrys henrici,COMMON NAME
Siphanta acuta,torpedo bug
Chlosyne palla,COMMON NAME
Tabanus atratus,COMMON NAME
Atteva aurea,COMMON NAME
Spodoptera litura,COMMON NAME
Papilio multicaudata,COMMON NAME
Adelpha californica,COMMON NAME
Argia immunda,COMMON NAME
Erythrodiplax berenice,COMMON NAME
Erythrodiplax minuscula,COMMON NAME
Amorpha juglandis,COMMON NAME
Galasa nigrinodis,COMMON NAME
Phoebis agarithe,COMMON NAME
Haploa lecontei,COMMON NAME
Chauliognathus marginatus,COMMON NAME
Pentatoma rufipes,COMMON NAME
Lophocampa maculata,COMMON NAME
Urbanus dorantes,COMMON NAME
Aeshna palmata,COMMON NAME
Anax junius,common green darner
Satyrium titus,COMMON NAME
Pyrgus communis,COMMON NAME
Rhionaeschna multicolor,COMMON NAME
Lethe anthedon,COMMON NAME
Melanchroia chephise,COMMON NAME
Pieris oleracea,COMMON NAME
Melitaea didyma,COMMON NAME
Popillia japonica,COMMON NAME
Leptoglossus occidentalis,COMMON NAME
Chrysochus auratus,COMMON NAME
Aeshna interrupta,COMMON NAME
Vanessa gonerilla gonerilla,COMMON NAME
Megalopyge opercularis,puss caterpillar
Lethe eurydice,COMMON NAME
Melittia cucurbitae,squash vine borer
Pontania californica,COMMON NAME
Pieris napi,COMMON NAME
Danaus chrysippus,COMMON NAME
Callophrys gryneus,COMMON NAME
Leucorrhinia proxima,COMMON NAME
Pyrrharctia isabella,banded woollybear
Neotibicen superbus,COMMON NAME
Trimerotropis pallidipennis,pallidwinged grasshopper
Anthocharis cardamines,COMMON NAME
Phoebis philea,COMMON NAME
Prionoplus reticularis,COMMON NAME
Lygaeus turcicus,COMMON NAME
Diapheromera femorata,northern walkingstick
Crambus agitatellus,COMMON NAME
Climaciella brunnea,COMMON NAME
Leptotes cassius,COMMON NAME
Eutrapela clemataria,COMMON NAME
Ascia monuste,COMMON NAME
Sympetrum illotum,COMMON NAME
Bombylius major,COMMON NAME
Eudryas grata,COMMON NAME
Pachydiplax longipennis,COMMON NAME
Perithemis tenera,COMMON NAME
Argia fumipennis violacea,COMMON NAME
Nezara viridula,southern green stink bug
Eurema hecabe,COMMON NAME
Phyllopalpus pulchellus,COMMON NAME
Biblis hyperia,COMMON NAME
Junonia almana,COMMON NAME
Drepana arcuata,COMMON NAME
Nicrophorus orbicollis,COMMON NAME
Platyprepia virginalis,COMMON NAME
Hypsopygia olinalis,COMMON NAME
Dasymutilla occidentalis,COMMON NAME
Platycnemis pennipes,COMMON NAME
Coccinella septempunctata,COMMON NAME
Zanclognatha jacchusalis,COMMON NAME
Calopteryx maculata,COMMON NAME
Polistes chinensis,COMMON NAME
Lygus lineolaris,tarnished plant bug
Danaus gilippus,COMMON NAME
Plusiodonta compressipalpis,COMMON NAME
Danaus gilippus thersippus,COMMON NAME
Buprestis aurulenta,COMMON NAME
Oecophylla smaragdina,COMMON NAME
Prenolepis imparis,COMMON NAME
Poanes melane,COMMON NAME
Nathalis iole,COMMON NAME
Linepithema humile,Argentine ant
Brachygastra mellifica,COMMON NAME
Xanthocnemis zealandica,COMMON NAME
Melangyna novaezelandiae,COMMON NAME
Pantographa limata,basswood leafroller
Coreus marginatus,COMMON NAME
Perithemis intensa,COMMON NAME
Calopteryx splendens,COMMON NAME
Zale lunata,COMMON NAME
Leptoglossus oppositus,COMMON NAME
Polyphylla decemlineata,tenlined June beetle
Eumenes fraternus,COMMON NAME
Brachymesia gravida,COMMON NAME
Papilio palamedes,COMMON NAME
Orthemis ferruginea,COMMON NAME
Parnassius clodius,COMMON NAME
Chlosyne lacinia,COMMON NAME
Euptoieta claudia,COMMON NAME
Dymasia dymas,COMMON NAME
Limenitis weidemeyerii,COMMON NAME
Chalybion californicum,COMMON NAME
Polygonia faunus,COMMON NAME
Xenox tigrinus,COMMON NAME
Asterocampa celtis,COMMON NAME
Anacridium aegyptium,COMMON NAME
Euptoieta hegesia,COMMON NAME
Aglais milberti,COMMON NAME
Apodemia mormo,COMMON NAME
Phyciodes phaon,COMMON NAME
Battus polydamas,COMMON NAME
Celastrina lucia,COMMON NAME
Zelus longipes,COMMON NAME
Sphinx kalmiae,COMMON NAME
Megisto rubricata,COMMON NAME
Lithacodia musta,COMMON NAME
Oxythyrea funesta,COMMON NAME
Dactylotum bicolor,pictured grasshopper
Arctia caja,COMMON NAME
Thasus neocalifornicus,COMMON NAME
Palpita quadristigmalis,COMMON NAME
Sphecius speciosus,eastern cicada killer
Prolimacodes badia,COMMON NAME
Polistes apachus,COMMON NAME
Tremex columba,pigeon tremex
Orgyia antiqua,rusty tussock moth
Orgyia postica,COMMON NAME
Daphnis nerii,oleander hawk moth
Mermiria bivittata,COMMON NAME
Leptinotarsa decemlineata,Colorado potato beetle
Acanalonia conica,COMMON NAME
Spoladea recurvalis,Hawaiian beet webworm
Lomographa vestaliata,COMMON NAME
Crocothemis servilia,COMMON NAME
Callophrys dumetorum,COMMON NAME
Atalopedes campestris,COMMON NAME
Papilio demodocus,COMMON NAME
Thasus gigas,COMMON NAME
Schistocerca nitens,COMMON NAME
Tetracha carolina,COMMON NAME
Alypia octomaculata,eightspotted forester
Polydrusus formosus,COMMON NAME
Manduca sexta,tobacco hornworm
Acanthocephala declivis,COMMON NAME
Aidemona azteca,COMMON NAME
Heraclides cresphontes,COMMON NAME
Anageshna primordialis,COMMON NAME
Crocothemis erythraea,COMMON NAME
Synchlora frondaria,COMMON NAME
Cycnia tenera,COMMON NAME
Schinia florida,COMMON NAME
Graphosoma lineatum,COMMON NAME
Aglais io,COMMON NAME
Limenitis arthemis astyanax,COMMON NAME
Papilio glaucus,COMMON NAME
Thyris sepulchralis,COMMON NAME
Haploa clymene,COMMON NAME
Eudryas unio,COMMON NAME
Toxomerus politus,COMMON NAME
Cetonia aurata,COMMON NAME
Pyralis farinalis,COMMON NAME
Limenitis arthemis,COMMON NAME
Plagodis phlogosaria,COMMON NAME
Amphion floridensis,COMMON NAME
Vespula germanica,German yellowjacket
Chromagrion conditum,COMMON NAME
Papilio machaon,COMMON NAME
Hemideina crassidens,COMMON NAME
Palpita magniferalis,COMMON NAME
Deinacrida rugosa,COMMON NAME
Aeshna constricta,COMMON NAME
Synchlora aerata,COMMON NAME
Aeshna mixta,COMMON NAME
Schizura unicornis,unicorn caterpillar
Metcalfa pruinosa,COMMON NAME
Poecilocapsus lineatus,fourlined plant bug
Strategus aloeus,COMMON NAME
Monobia quadridens,COMMON NAME
Gomphaeschna furcillata,COMMON NAME
Pyrausta orphisalis,COMMON NAME
Pieris marginalis,COMMON NAME
Rivula propinqualis,COMMON NAME
Libellula needhami,COMMON NAME
Poecilanthrax lucifer,COMMON NAME
Coleomegilla maculata,COMMON NAME
Gomphus vastus,COMMON NAME
Hemideina thoracica,COMMON NAME
Agrotis ipsilon,black cutworm
Eurosta solidaginis,COMMON NAME
Hermeuptychia sosybius,COMMON NAME
Pyromorpha dimidiata,COMMON NAME
Prosapia bicincta,twolined spittlebug
Prionoxystus robiniae,carpenterworm
Pantala hymenaea,COMMON NAME
Coenonympha pamphilus,COMMON NAME
Sphex ichneumoneus,COMMON NAME
Liometopum occidentale,COMMON NAME
Cicindela oregona,COMMON NAME
Erythemis collocata,COMMON NAME
Spilosoma virginica,yellow woollybear
Olla v-nigrum,COMMON NAME
Halysidota harrisii,COMMON NAME
Plagiometriona clavata,COMMON NAME
Megaphasma denticrus,giant walkingstick
Episyrphus balteatus,COMMON NAME
Celastrina echo,COMMON NAME
Thaumetopoea pityocampa,COMMON NAME
Tettigonia viridissima,COMMON NAME
Bombus fervidus,yellow bumble bee
Bombus bimaculatus,twospotted bumble bee
Melissodes bimaculata,COMMON NAME
Toxomerus geminatus,COMMON NAME
Chauliognathus pensylvanicus,COMMON NAME
Chelinidea vittiger,COMMON NAME
Melipotis indomita,COMMON NAME
Manduca rustica,COMMON NAME
Tramea lacerata,COMMON NAME
Simyra insularis,COMMON NAME
Lerema accius,COMMON NAME
Autographa precationis,COMMON NAME
Hymenia perspectalis,spotted beet webworm
Zelus luridus,COMMON NAME
Elaphria grata,COMMON NAME
Orthonama obstipata,COMMON NAME
Costaconvexa centrostrigaria,COMMON NAME
Ectropis crepuscularia,COMMON NAME
Zanclognatha pedipilalis,COMMON NAME
Palthis asopialis,COMMON NAME
Chytonix palliatricula,COMMON NAME
Eusarca confusaria,COMMON NAME
Orthetrum cancellatum,COMMON NAME
Hippodamia variegata,COMMON NAME
Phyciodes tharos,COMMON NAME
Trichodezia albovittata,COMMON NAME
Gomphus exilis,COMMON NAME
Macaria aemulataria,COMMON NAME
Helicoverpa zea,tomato fruitworm*
Asterocampa leilia,COMMON NAME
Phocides polybius,COMMON NAME
Darapsa myron,Virginia creeper sphinx
Hypena scabra,green cloverworm
Chalcoela iphitalis,COMMON NAME
Corydalus cornutus,eastern dobsonfly
Anicla infecta,COMMON NAME
Pleuroprucha insulsaria,COMMON NAME
Parallelia bistriaris,COMMON NAME
Phragmatobia fuliginosa,COMMON NAME
Pseudeustrotia carneola,COMMON NAME
Parapediasia teterrella,bluegrass webworm
Hypena madefactalis,COMMON NAME
Manduca quinquemaculata,tomato hornworm
Tetraopes tetrophthalmus,red milkweed beetle
Gomphus militaris,COMMON NAME
Junonia evarete,COMMON NAME
Polites themistocles,COMMON NAME
Schinia arcigera,COMMON NAME
Austrolestes colensonis,COMMON NAME
Pedicia albivitta,COMMON NAME
Callopistria mollissima,COMMON NAME
Lestes disjunctus,COMMON NAME
Delphinia picta,COMMON NAME
Polistes carolina,COMMON NAME
Toxomerus marginatus,COMMON NAME
Gluphisia septentrionis,COMMON NAME
Colias croceus,COMMON NAME
Phryganidia californica,COMMON NAME
Boisea rubrolineata,western boxelder bug
Boisea trivittata,boxelder bug
Plebejus lupini,COMMON NAME
Desmia funeralis,grape leaffolder
Acanthocephala terminalis,COMMON NAME
Ochlodes agricola,COMMON NAME
Chrysopilus thoracicus,COMMON NAME
Erythemis simplicicollis,COMMON NAME
Ascalapha odorata,black witch
Calosoma scrutator,COMMON NAME
Adelges tsugae,COMMON NAME
Ceratomia catalpae,catalpa sphinx
Pachysphinx modesta,COMMON NAME
Vespula squamosa,COMMON NAME
Marpesia chiron,COMMON NAME
Calopteryx virgo,COMMON NAME
Psychomorpha epimenis,COMMON NAME
Amphibolips confluenta,COMMON NAME
Schistocerca americana,American grasshopper
Xylophanes tersa,COMMON NAME
Wallengrenia otho,COMMON NAME
Hyles gallii,COMMON NAME
Blepharomastix ranalis,COMMON NAME
Apatura ilia,COMMON NAME
Spodoptera ornithogalli,yellowstriped armyworm
Euplagia quadripunctaria,COMMON NAME
Hyphantria cunea,fall webworm
Prochoerodes lineola,COMMON NAME
Pararge aegeria,COMMON NAME
Pterophylla camellifolia,COMMON NAME
Conocephalus brevipennis,COMMON NAME
Psyllobora vigintimaculata,COMMON NAME
Allograpta obliqua,COMMON NAME
Bombus impatiens,common eastern bumble bee
Anthocharis midea,COMMON NAME
Junonia coenia,COMMON NAME
Diaphania hyalinata,melonworm
Peridea angulosa,COMMON NAME
Ctenucha virginica,COMMON NAME
Spragueia leo,COMMON NAME
Diaethria anna,COMMON NAME
Atta texana,Texas leafcutting ant
Besma quercivoraria,COMMON NAME
Udea rubigalis,greenhouse leaftier*
Habrosyne scripta,COMMON NAME
Hetaerina titia,COMMON NAME
Acronicta fallax,COMMON NAME
Idia lubricalis,COMMON NAME
Apodemia virgulti,COMMON NAME
Archilestes grandis,COMMON NAME
Eremnophila aureonotata,COMMON NAME
Hemiargus ceraunus,COMMON NAME
Lucanus cervus,COMMON NAME
Ellychnia corrusca,COMMON NAME
Lucanus capreolus,COMMON NAME
Ochlodes sylvanus,COMMON NAME
Vanessa atalanta,red admiral
Argia lugens,COMMON NAME
Argia moesta,COMMON NAME
Forficula auricularia,COMMON NAME
Nyctemera annulata,COMMON NAME
Progomphus obscurus,COMMON NAME
Argia plana,COMMON NAME
Argia sedula,COMMON NAME
Choristoneura rosaceana,obliquebanded leafroller
Argia translata,COMMON NAME
Dione juno,COMMON NAME
Eupithecia miserulata,COMMON NAME
Arigomphus submedianus,COMMON NAME
Arigomphus villosipes,COMMON NAME
Agrilus planipennis,COMMON NAME
Grammia virgo,COMMON NAME
Emmelina monodactyla,COMMON NAME
Zale horrida,COMMON NAME
Pseudoleon superbus,COMMON NAME
Orgyia vetusta,COMMON NAME
Eumorpha vitis,COMMON NAME
Leptysma marginicollis,COMMON NAME
Idia americalis,COMMON NAME
Idia aemula,COMMON NAME
Leptoglossus phyllopus,leaffooted bug
Protoboarmia porcelaria,COMMON NAME
Cenopis reticulatana,COMMON NAME
Nymphalis californica,California tortoiseshell
Megalographa biloba,COMMON NAME
Hypolimnas bolina,COMMON NAME
Amphipyra pyramidoides,COMMON NAME
Ischnura ramburii,COMMON NAME
Phyllodesma americana,lappet moth
Bagrada hilaris,COMMON NAME
Brephidium exilis,western pygmy blue
Lygaeus kalmii,COMMON NAME
Erythemis plebeja,COMMON NAME
Palomena prasina,COMMON NAME
Ocypus olens,COMMON NAME
Myodocha serripes,COMMON NAME
Lithacodes fasciola,COMMON NAME
Epirrhoe alternata,COMMON NAME
Stenopelmatus fuscus,COMMON NAME
Mantis religiosa,COMMON NAME
Plecia nearctica,COMMON NAME
Glaucopsyche lygdamus,COMMON NAME
Jadera haematoloma,COMMON NAME
Scantius aegyptius,COMMON NAME
Smerinthus cerisyi,COMMON NAME
Feltia jaculifera,dingy cutworm
Satyrium californica,COMMON NAME
Melanchra adjuncta,COMMON NAME
Vespula vulgaris,COMMON NAME
Polygonia comma,COMMON NAME
Phigalia titea,COMMON NAME
Boloria selene,COMMON NAME
Libellula semifasciata,COMMON NAME
Libellula vibrans,COMMON NAME
Hyalymenus tarsatus,COMMON NAME
Aeshna umbrosa,COMMON NAME
Chlosyne theona,COMMON NAME
Diabrotica undecimpunctata undecimpunctata,COMMON NAME
Cacyreus marshalli,COMMON NAME
Rutpela maculata,COMMON NAME
Cyclophora pendulinaria,COMMON NAME
Apamea amputatrix,yellowheaded cutworm
Rhionaeschna californica,COMMON NAME
Andricus crystallinus,COMMON NAME
Feniseca tarquinius,COMMON NAME
Bombus ternarius,tricolored bumble bee
Autochton cellus,COMMON NAME
Scolypopa australis,COMMON NAME
Carterocephalus palaemon,COMMON NAME
Cimbex americana,COMMON NAME
Sitochroa palealis,COMMON NAME
Pyronia tithonus,COMMON NAME
Libellula luctuosa,COMMON NAME
Cisseps fulvicollis,COMMON NAME
Rhagonycha fulva,COMMON NAME
Eumorpha fasciatus,COMMON NAME
Eurema mexicana,COMMON NAME
Hypagyrtis unipunctata,COMMON NAME
Vespa crabro,COMMON NAME
Ischnura denticollis,COMMON NAME
Ischnura hastata,COMMON NAME
Ischnura perparva,COMMON NAME
Ischnura posita,COMMON NAME
Grammia ornata,COMMON NAME
Plebejus melissa,COMMON NAME
Libellula pulchella,COMMON NAME
Speranza pustularia,COMMON NAME
Polistes fuscatus,COMMON NAME
Epicallima argenticinctella,COMMON NAME
Ischnura cervula,COMMON NAME
Argia nahuana,COMMON NAME
Stagmomantis carolina,Carolina mantid
Diacme elealis,COMMON NAME
Basiaeschna janata,COMMON NAME
Polistes metricus,COMMON NAME
Gonepteryx rhamni,COMMON NAME
Poanes zabulon,COMMON NAME
Lapara bombycoides,COMMON NAME
Darapsa choerilus,COMMON NAME
Palthis angulalis,COMMON NAME
Necrophila americana,COMMON NAME
Pseudomyrmex gracilis,slender twig ant
Apiomerus spissipes,COMMON NAME
Iphiclides podalirius,COMMON NAME
Andricus kingi,COMMON NAME
Issoria lathonia,COMMON NAME
Scolia dubia,COMMON NAME
Dissosteira carolina,Carolina grasshopper
Mallodon dasystomus,COMMON NAME
Limenitis reducta,COMMON NAME
Aeshna cyanea,COMMON NAME
Pelecinus polyturator,COMMON NAME
Musca domestica,COMMON NAME
Euclea delphinii,COMMON NAME
Danaus eresimus,COMMON NAME
Tenodera sinensis,COMMON NAME
Ochropleura implecta,COMMON NAME
Halysidota tessellaris,pale tussock moth
Otiorhynchus sulcatus,black vine weevil
Datana ministra,yellownecked caterpillar
Nephelodes minians,COMMON NAME
Chlosyne nycteis,COMMON NAME
Catocala ilia,COMMON NAME
Dysphania militaris,COMMON NAME
Aquarius remigis,COMMON NAME
Megachile sculpturalis,COMMON NAME
Harrisina americana,grapeleaf skeletonizer
Promachus hinei,COMMON NAME
Microcentrum rhombifolium,broadwinged katydid
Panopoda rufimargo,COMMON NAME
Anthanassa tulcis,COMMON NAME
Panthea furcilla,COMMON NAME
Catasticta nimbice,COMMON NAME
Bombus griseocollis,brownbelted bumble bee
Papilio polyxenes asterius,COMMON NAME
Aporia crataegi,COMMON NAME
Tetracis cachexiata,COMMON NAME
Argia tibialis,COMMON NAME
Lycaena phlaeas hypophlaeas,COMMON NAME
Melanoplus bivittatus,twostriped grasshopper
Speyeria atlantis,COMMON NAME
Sympetrum internum,COMMON NAME
Bombus vagans,half-black bumble bee
Anartia fatima,COMMON NAME
Cydalima perspectalis,COMMON NAME
Celithemis elisa,COMMON NAME
Pyrausta volupialis,COMMON NAME
Coccinella californica,COMMON NAME
Adelpha eulalia,COMMON NAME
Copaeodes minima,COMMON NAME
Boyeria vinosa,COMMON NAME
Brachymesia furcata,COMMON NAME
Calycopis isobeon,COMMON NAME
Pogonomyrmex barbatus,red harvester ant
Aphantopus hyperantus,COMMON NAME
Euphydryas phaeton,COMMON NAME
Brechmorhoga mendax,COMMON NAME
Chortophaga viridifasciata,greenstriped grasshopper
Lucilia sericata,COMMON NAME
Hypena baltimoralis,COMMON NAME
Copestylum mexicanum,COMMON NAME
Polites vibex,COMMON NAME
Pyrausta acrionalis,COMMON NAME
Charadra deridens,COMMON NAME
Tramea onusta,COMMON NAME
Lycomorpha pholus,COMMON NAME
Herpetogramma pertextalis,COMMON NAME
Coenonympha tullia california,COMMON NAME
Apiomerus californicus,COMMON NAME
Caenurgina crassiuscula,clover looper
Erythemis vesiculosa,COMMON NAME
Lestes alacer,COMMON NAME
Lestes congener,COMMON NAME
Patalene olyzonaria,COMMON NAME
Lestes dryas,COMMON NAME
Phyciodes graphica,COMMON NAME
Microcrambus elegans,COMMON NAME
Calephelis nemesis,COMMON NAME
Caedicia simplex,COMMON NAME
Melanoplus differentialis,differential grasshopper
Caenurgina erechtea,forage looper
Heliomata cycladata,COMMON NAME
Mythimna unipuncta,armyworm
Nepytia canosaria,false hemlock looper
Maliattha synochitis,COMMON NAME
Limenitis arthemis arthemis,COMMON NAME
Leucorrhinia frigida,COMMON NAME
Leucorrhinia hudsonica,COMMON NAME
Leucorrhinia intacta,COMMON NAME
Lycaena phlaeas,COMMON NAME
Lineodes integra,COMMON NAME
Apis mellifera,COMMON NAME
Papilio rutulus,COMMON NAME
Libellula comanche,COMMON NAME
Libellula croceipennis,COMMON NAME
Libellula cyanea,COMMON NAME
Libellula incesta,COMMON NAME
Calpodes ethlius,larger canna leafroller
Hemaris diffinis,COMMON NAME
Sabulodes aegrotata,omnivorous looper
Diabrotica undecimpunctata,COMMON NAME
Cycloneda munda,COMMON NAME
Cycloneda polita,COMMON NAME
Heterophleps triguttaria,COMMON NAME
Pasiphila rectangulata,COMMON NAME
Leptophobia aripa,COMMON NAME
Calopteryx aequabilis,COMMON NAME
Papilio eurymedon,COMMON NAME
Syrbula admirabilis,COMMON NAME
Acronicta americana,American dagger moth
Melanitis leda,COMMON NAME
Oncopeltus fasciatus,large milkweed bug
Anavitrinella pampinaria,COMMON NAME
Papilio polytes,COMMON NAME
Haematopis grataria,COMMON NAME
Junonia genoveva,COMMON NAME
Panorpa nuptialis,COMMON NAME
Gibbifer californicus,COMMON NAME
Pyrrhocoris apterus,COMMON NAME
Trachymela sloanei,COMMON NAME
Sympetrum corruptum,COMMON NAME
Photinus pyralis,COMMON NAME
Sympetrum striolatum,COMMON NAME
Pieris rapae,imported cabbageworm
Zerene cesonia,COMMON NAME
Anania hortulata,COMMON NAME
Astraptes fulgerator,COMMON NAME
Celastrina argiolus,COMMON NAME
Polyommatus icarus,COMMON NAME
Araschnia levana,COMMON NAME
Sympetrum vicinum,COMMON NAME
Autographa gamma,COMMON NAME
Maniola jurtina,COMMON NAME
Libellula forensis,COMMON NAME
Copaeodes aurantiaca,COMMON NAME
Ladona depressa,COMMON NAME
Eristalis tenax,drone fly
Chrysochus cobaltinus,COMMON NAME
Bombus huntii,COMMON NAME
Prionus californicus,COMMON NAME
Largus californicus,COMMON NAME
Mestra amymone,COMMON NAME
Phloeodes diabolicus,COMMON NAME
Solenopsis invicta,COMMON NAME
Euphoria basalis,COMMON NAME
Phaneroptera nana,COMMON NAME
Chortophaga viridifasciata viridifasciata,COMMON NAME
Macrodiplax balteata,COMMON NAME
Agrius cingulata,sweetpotato hornworm
Estigmene acrea,saltmarsh caterpillar
Macromia illinoiensis,COMMON NAME
Macromia taeniolata,COMMON NAME
Anax longipes,COMMON NAME
Galgula partita,COMMON NAME
Grylloprociphilus imbricator,beech blight aphid
Anania funebris,COMMON NAME
Notarctia proxima,COMMON NAME
Tyria jacobaeae,cinnabar moth
Hordnia atropunctata,COMMON NAME
Scopula rubraria,COMMON NAME
Magicicada septendecim,periodical cicada
Celithemis fasciata,COMMON NAME
Mallophora fautrix,COMMON NAME
Zelus renardii,COMMON NAME
Lymantria dispar,spongy moth
Oreta rosea,COMMON NAME
Libellula saturata,COMMON NAME
Polygonia satyrus,COMMON NAME
Cyllopsis gemma,COMMON NAME
Macroglossum stellatarum,COMMON NAME
Gryllodes sigillatus,COMMON NAME
Sunira bicolorago,COMMON NAME
Stylurus plagiatus,COMMON NAME
Plutella xylostella,diamondback moth
Aphis nerii,COMMON NAME
Eumorpha pandorus,COMMON NAME
Actias luna,luna moth
Antheraea polyphemus,polyphemus moth
Hypoprepia fucosa,COMMON NAME
Anisomorpha buprestoides,twostriped walkingstick
Coenagrion puella,COMMON NAME
Poanes hobomok,COMMON NAME
Sympetrum ambiguum,COMMON NAME
Sympetrum danae,COMMON NAME
Sympetrum fonscolombii,COMMON NAME
Isa textula,COMMON NAME
Argia apicalis,COMMON NAME
Speyeria cybele,COMMON NAME
Euphyes vestris,COMMON NAME
Sympetrum obtrusum,COMMON NAME
Uresiphita reversalis,genista caterpillar
Sympetrum sanguineum,COMMON NAME
Sympetrum semicinctum,COMMON NAME
Parrhasius m-album,COMMON NAME
Trichopoda pennipes,COMMON NAME
Hypselonotus punctiventris,COMMON NAME
Argia vivida,COMMON NAME
Plebejus acmon,COMMON NAME
Siproeta stelenes,COMMON NAME
Marimatha nigrofimbria,COMMON NAME
Phaeoura quernaria,COMMON NAME
Ennomos magnaria,COMMON NAME
Colias eurytheme,COMMON NAME
Sceliphron caementarium,black and yellow mud dauber
Dryocampa rubicunda,greenstriped mapleworm
Lycaena hyllus,COMMON NAME
Exomala orientalis,COMMON NAME
Peridea ferruginea,COMMON NAME
Pyrisitia lisa,COMMON NAME
Polites peckius,COMMON NAME
Satyrium calanus,COMMON NAME
Andricus quercuscalifornicus,COMMON NAME
Anax imperator,COMMON NAME
Dryas iulia moderata,COMMON NAME
Cactophagus spinolae,COMMON NAME
Lyssa zampa,COMMON NAME
Nemoria bistriaria,COMMON NAME
Coryphista meadii,COMMON NAME
Lestes australis,COMMON NAME
Deidamia inscriptum,COMMON NAME
Romalea microptera,eastern lubber grasshopper
Rabdophaga strobiloides,COMMON NAME
Apatelodes torrefacta,COMMON NAME
Lampides boeticus,bean butterfly
Feltia herilis,COMMON NAME
Panchlora nivea,Cuban cockroach
Telebasis salva,COMMON NAME
Octogomphus specularis,COMMON NAME
Aphomia sociella,COMMON NAME
Halmus chalybeus,steelblue lady beetle
Phyciodes cocyta,COMMON NAME
Lestes rectangularis,COMMON NAME
Pyrrhosoma nymphula,COMMON NAME
Polygonia interrogationis,COMMON NAME
Micrathyria hagenii,COMMON NAME
Polygonia gracilis,COMMON NAME
Pholisora catullus,COMMON NAME
Achalarus lyciades,COMMON NAME
Ponometia erastrioides,COMMON NAME
Hetaerina americana,COMMON NAME
Achyra rantalis,garden webworm
Pyrausta laticlavia,COMMON NAME
Pyrisitia proterpia,COMMON NAME
Lascoria ambigualis,COMMON NAME
Pelidnota punctata,COMMON NAME
Homalodisca vitripennis,glassy-winged sharpshooter
Melanargia galathea,COMMON NAME
Harmonia axyridis,multicolored Asian lady beetle
Odontotaenius disjunctus,horned passalus
Leptoglossus clypealis,COMMON NAME
Acharia stimulea,COMMON NAME
Pantala flavescens,COMMON NAME
Cotinis nitida,green June beetle
Dioprosopa clavata,COMMON NAME
Texola elada,COMMON NAME
Cucullia convexipennis,COMMON NAME
Brachystola magna,plains lubber grasshopper
Eubaphe mendica,COMMON NAME
Plathemis lydia,COMMON NAME
Ancistrocerus gazella,COMMON NAME
Vanessa cardui,painted lady
Vanessa virginiensis,painted beauty
Pyrgus albescens,COMMON NAME
Calycopis cecrops,COMMON NAME
Achlyodes pallida,COMMON NAME
Murgantia histrionica,harlequin bug
Anteos maerula,COMMON NAME
Carabus nemoralis,COMMON NAME
Ischnura verticalis,COMMON NAME
Eumorpha achemon,achemon sphinx
Chrysolina bankii,COMMON NAME
Protodeltote muscosula,COMMON NAME
Agriphila vulgivagella,vagabond crambus
Nymphalis antiopa,mourningcloak butterfly
Vespula pensylvanica,western yellowjacket
Aglais urticae,COMMON NAME
Danaus plexippus,monarch butterfly
Psamatodes abydata,COMMON NAME
Oncometopia orbona,COMMON NAME
Argia fumipennis,COMMON NAME
Bombus pensylvanicus,American bumble bee
Erpetogomphus designatus,COMMON NAME
Hagenius brevistylus,COMMON NAME
Marpesia petreus,COMMON NAME
Anthidium manicatum,COMMON NAME
Graphocephala coccinea,COMMON NAME
Sphex pensylvanicus,COMMON NAME
Elophila obliteralis,COMMON NAME
Probole amicaria,COMMON NAME
Callosamia promethea,promethea moth
Hyalophora cecropia,cecropia moth
Anisota senatoria,orangestriped oakworm
Citheronia regalis,regal moth*
Eacles imperialis,imperial moth
Nematocampa resistaria,filament borer
Lacinipolia renigera,bristly cutworm
Cordulegaster dorsalis,COMMON NAME
Malacosoma disstria,COMMON NAME
Orgyia leucostigma,whitemarked tussock moth
Haploa confusa,COMMON NAME
Clemensia albata,COMMON NAME
Euchaetes egle,COMMON NAME
Scopula limboundata,COMMON NAME
Hemipenthes sinuosa,COMMON NAME
Evergestis pallidata,purplebacked cabbageworm
Noctua pronuba,winter cutworm
Trithemis annulata,COMMON NAME
Catocala maestosa,COMMON NAME
Tolype velleda,COMMON NAME
Anthrenus verbasci,varied carpet beetle
Alaus oculatus,eyed click beetle
Harrisimemna trisignata,COMMON NAME
Arilus cristatus,wheel bug
Abaeis nicippe,COMMON NAME
Neophasia menapia,pine butterfly
Clogmia albipunctata,COMMON NAME
Lepturobosca chrysocoma,COMMON NAME
Heliconius erato,COMMON NAME
Dicymolomia julianalis,COMMON NAME
Malacosoma americanum,eastern tent caterpillar
Pyrausta tyralis,COMMON NAME
Hippodamia convergens,COMMON NAME
Lasiommata megera,COMMON NAME
Phoebis sennae,COMMON NAME
Trigonopeltastes delta,COMMON NAME
Vanessa itea,COMMON NAME
Pseudomops septentrionalis,COMMON NAME
Scudderia furcata,COMMON NAME
Chlosyne ehrenbergii,COMMON NAME
Autographa californica,alfalfa looper
Coenonympha arcania,COMMON NAME
Malacosoma californicum,western tent caterpillar
Xylocopa micans,COMMON NAME
Epargyreus clarus,silverspotted skipper
Polistes exclamans,COMMON NAME
Polistes dominula,European paper wasp
Polites sabuleti,COMMON NAME
Anaea andria,COMMON NAME
Amphipsalta zelandica,COMMON NAME
Pyrausta inornatalis,COMMON NAME
Kricogonia lyside,COMMON NAME
Agraulis vanillae,COMMON NAME
Phanaeus vindex,COMMON NAME
